{
  "Banking": {
    "change_percent": -0.8857389746947916,
    "volume": 7052095
  },
  "IT": {
    "change_percent": -0.808623313744365,
    "volume": 3498356
  },
  "Pharma": {
    "change_percent": 2.3765156134179226,
    "volume": 2054463
  },
  "Auto": {
    "change_percent": 0.33967487112579,
    "volume": 0
  },
  "FMCG": {
    "change_percent": -0.6101047466210395,
    "volume": 0
  },
  "Metal": {
    "change_percent": 0.6243434949123272,
    "volume": 0
  },
  "Realty": {
    "change_percent": -1.231265864164964,
    "volume": 0
  },
  "Energy": {
    "change_percent": -0.4696340615571515,
    "volume": 0
  }
}