{
  "Banking": {
    "change_percent": -0.9085029202692425,
    "volume": 2972837
  },
  "IT": {
    "change_percent": -1.3062055760504094,
    "volume": 3895754
  },
  "Pharma": {
    "change_percent": -3.3177400214878925,
    "volume": 1175455
  },
  "Auto": {
    "change_percent": -0.3139982140917484,
    "volume": 0
  },
  "FMCG": {
    "change_percent": -0.8816116116150731,
    "volume": 0
  },
  "Metal": {
    "change_percent": 1.134166835401226,
    "volume": 0
  },
  "Realty": {
    "change_percent": -1.1094286970187286,
    "volume": 0
  },
  "Energy": {
    "change_percent": -0.3105043669891766,
    "volume": 0
  }
}