{
  "Banking": {
    "change_percent": -0.8000251125048938,
    "volume": 6924409
  },
  "IT": {
    "change_percent": -0.808623313744365,
    "volume": 3230414
  },
  "Pharma": {
    "change_percent": 2.2367263283448375,
    "volume": 2048665
  },
  "Auto": {
    "change_percent": 0.3332510044675408,
    "volume": 0
  },
  "FMCG": {
    "change_percent": -0.5745414160032145,
    "volume": 0
  },
  "Metal": {
    "change_percent": 0.5737363907162045,
    "volume": 0
  },
  "Realty": {
    "change_percent": -1.328167826461013,
    "volume": 0
  },
  "Energy": {
    "change_percent": -0.5108922358051373,
    "volume": 0
  }
}